;timestamp;accX;accY;accZ;username
1;2159339604606949;-7.814682;-16.261414;-8.983047;ziga2
2;2159339621391617;-4.424484;-12.871231;-7.489059;ziga2
3;2159339635643326;-2.451660;-9.097961;-5.803543;ziga2
4;2159339649925552;-0.459686;-5.726929;-4.616028;ziga2
5;2159339664207779;1.225830;-3.658340;-3.026276;ziga2
6;2159339678490005;3.275269;-2.968811;-1.206680;ziga2
7;2159339692772232;5.363007;-4.788406;0.114929;ziga2
8;2159339708540504;8.006210;-8.580826;0.976837;ziga2
9;2159339724379127;7.335831;-14.537598;1.149216;ziga2
10;2159339740217750;-0.517151;-23.501480;-12.890381;ziga2
11;2159339756086890;-11.224014;-24.650696;-18.962082;ziga2
12;2159339771925514;-1.034302;-7.508209;3.811569;ziga2
13;2159339787794654;4.386185;0.344772;14.480133;ziga2
14;2159339803572242;6.665451;1.628052;7.086838;ziga2
15;2159339819410865;0.881073;-3.409348;-0.095764;ziga2
16;2159339835249488;-7.603989;-12.622238;-0.593765;ziga2
17;2159339851118629;-5.477936;-16.012421;1.302444;ziga2
18;2159339866957252;-3.696640;-13.503296;-0.019150;ziga2
19;2159339882826392;-3.332733;-11.281479;-0.766144;ziga2
20;2159339898603980;-0.114929;-9.902420;-0.689529;ziga2
21;2159339914381568;2.834732;-8.178589;1.589752;ziga2
22;2159339930220191;3.983948;-7.699753;1.417374;ziga2
23;2159339946089332;3.332733;-8.236053;0.632065;ziga2
24;2159339961958473;1.704666;-9.327805;1.034302;ziga2
25;2159339977827613;-0.727844;-10.515335;0.995987;ziga2
26;2159339993696754;-1.704666;-10.342957;0.038315;ziga2
27;2159340009474342;-1.742981;-10.074799;-0.651230;ziga2
28;2159340025312965;-1.359909;-9.442734;0.459686;ziga2
29;2159340041151588;-0.766144;-8.810669;1.704666;ziga2
30;2159340056990211;-0.325607;-9.040512;0.842758;ziga2
31;2159340072828834;0.306458;-8.906433;0.210693;ziga2
32;2159340088697974;0.268158;-9.136276;0.632065;ziga2
33;2159340104475562;0.095764;-9.308655;0.229843;ziga2
34;2159340120253150;0.134079;-9.232040;-0.153229;ziga2
35;2159340136091773;-0.421387;-9.634262;0.095764;ziga2
36;2159340151960914;-1.110916;-9.806656;-0.363922;ziga2
37;2159340167830055;-1.877060;-10.093948;-1.762131;ziga2
38;2159340183699195;-2.279282;-11.224014;-0.881073;ziga2
39;2159340199568336;-2.738968;-11.683701;1.819595;ziga2
40;2159340215345924;-3.371033;-11.530472;1.991974;ziga2
41;2159340231184547;-3.562576;-11.319794;0.517151;ziga2
42;2159340247023170;-2.432510;-11.396408;-0.881073;ziga2
43;2159340262861793;0.402222;-11.185715;-1.379059;ziga2
44;2159340278700416;2.049438;-11.013321;-1.072601;ziga2
45;2159340294569556;0.344772;-11.319794;-2.106903;ziga2
46;2159340310347144;-2.011124;-11.722015;-3.562576;ziga2
47;2159340326185767;-3.351883;-12.143387;-3.275269;ziga2
48;2159340342024390;-4.769257;-11.990158;-2.834732;ziga2
49;2159340357893531;-6.550537;-12.449844;-1.628052;ziga2
50;2159340373732154;-7.393295;-12.775467;-0.574615;ziga2
51;2159340389601295;-6.454773;-11.702866;0.478836;ziga2
52;2159340405378883;-4.137177;-10.764328;4.520248;ziga2
53;2159340421217506;-0.957687;-12.028473;5.248093;ziga2
54;2159340437056129;1.359909;-16.261414;3.236954;ziga2
55;2159340452925269;2.700653;-18.674774;0.785294;ziga2
56;2159340468763892;3.026276;-16.108185;-0.536301;ziga2
57;2159340484633033;3.102890;-12.909531;-0.134079;ziga2
58;2159340500410621;2.260132;-12.756302;-1.589752;ziga2
59;2159340516188209;1.857895;-13.541611;-2.432510;ziga2
60;2159340532026832;3.045425;-12.794617;-0.019150;ziga2
61;2159340547895973;0.191544;-12.143387;6.856995;ziga2
62;2159340563734596;-2.566589;-9.959885;-0.459686;ziga2
63;2159340579603736;-1.915359;-7.852982;-1.857895;ziga2
64;2159340595472877;-0.632065;-7.967911;1.493988;ziga2
65;2159340611250465;0.861908;-7.738068;1.704666;ziga2
66;2159340627089088;1.953674;-6.742065;0.363922;ziga2
67;2159340642927711;2.892197;-5.880157;0.746994;ziga2
68;2159340658796851;3.313568;-5.228943;0.632065;ziga2
69;2159340674635474;3.620026;-4.616028;0.804459;ziga2
70;2159340690504615;3.351883;-4.098877;1.149216;ziga2
71;2159340706282203;2.777267;-3.696640;0.938522;ziga2
72;2159340722059791;2.758118;-3.294418;0.881073;ziga2
73;2159340737898414;3.045425;-3.122040;0.555450;ziga2
74;2159340753767555;3.294418;-3.275269;-0.536301;ziga2
75;2159340769606178;3.160339;-4.118027;-2.183517;ziga2
76;2159340785475318;2.355896;-6.110001;-4.328720;ziga2
77;2159340801344459;-0.363922;-9.921570;-8.389282;ziga2
78;2159340817122047;-5.861008;-14.997284;-13.254303;ziga2
79;2159340832960670;-11.626251;-20.072983;-17.238251;ziga2
80;2159340848799293;-12.430695;-20.570984;-14.748276;ziga2
81;2159340864668433;-7.220917;-16.165649;-7.833832;ziga2
82;2159340880507056;-3.198654;-10.783478;-5.248093;ziga2
83;2159340896376197;-1.034302;-6.742065;-4.232956;ziga2
84;2159340912153785;-0.766144;-5.228943;-4.635178;ziga2
85;2159340927992408;1.455673;-5.171478;-2.987961;ziga2
86;2159340943831031;2.892197;-9.672577;-1.513138;ziga2
87;2159340959700172;3.485962;-15.476120;-2.968811;ziga2
88;2159340975538795;-1.110916;-22.237350;-8.025360;ziga2
89;2159340991407935;1.053452;-13.503296;-4.616028;ziga2
90;2159341007185523;8.274368;-0.536301;6.090851;ziga2
91;2159341023024146;7.852982;2.087738;6.703766;ziga2
92;2159341038862769;0.689529;-1.532288;5.190628;ziga2
93;2159341054701392;-6.531387;-10.668564;4.807556;ziga2
94;2159341070540015;-7.891296;-17.468094;3.945648;ziga2
95;2159341086409156;-6.703766;-16.529572;-3.351883;ziga2
96;2159341102186744;-2.738968;-11.089935;-4.577713;ziga2
97;2159341117964332;1.072601;-7.967911;-0.478836;ziga2
98;2159341133802955;3.275269;-7.623138;1.896210;ziga2
99;2159341149672096;4.137177;-7.891296;1.532288;ziga2
100;2159341165541236;3.294418;-7.987061;1.091751;ziga2
101;2159341181410377;1.053452;-9.193741;1.053452;ziga2
102;2159341197279517;-1.589752;-10.572800;0.306458;ziga2
103;2159341213057105;-3.715805;-11.070786;-0.038315;ziga2
104;2159341228895728;-3.313568;-9.844955;-1.359909;ziga2
105;2159341244734351;-2.738968;-9.481033;-0.478836;ziga2
106;2159341260603492;-1.168365;-8.485046;0.038315;ziga2
107;2159341276442115;0.900223;-8.159439;1.302444;ziga2
108;2159341292311256;1.302444;-9.423584;-0.268158;ziga2
109;2159341308088844;0.632065;-9.442734;0.421387;ziga2
110;2159341323927467;0.593765;-9.002197;0.593765;ziga2
111;2159341339766090;0.517151;-8.963898;-0.019150;ziga2
112;2159341355635230;0.555450;-9.461884;-0.708679;ziga2
113;2159341371473853;0.919373;-9.806656;-0.459686;ziga2
114;2159341387342994;0.498001;-10.400406;-0.248993;ziga2
115;2159341403120582;-0.344772;-11.281479;-0.957687;ziga2
116;2159341418959205;-1.532288;-11.836929;-1.972824;ziga2
117;2159341434797828;-3.026276;-12.028473;-1.742981;ziga2
118;2159341450666969;-4.156342;-11.836929;-0.344772;ziga2
119;2159341466505592;-4.635178;-11.626251;0.823608;ziga2
120;2159341482374732;-4.156342;-12.085938;1.283295;ziga2
121;2159341498152320;-2.279282;-12.124237;-0.344772;ziga2
122;2159341513990943;0.153229;-11.779480;-1.991974;ziga2
123;2159341529829566;0.842758;-11.377243;-3.160339;ziga2
124;2159341545698707;-1.149216;-11.702866;-3.275269;ziga2
125;2159341561537330;-4.424484;-12.488159;-2.853882;ziga2
126;2159341577406471;-6.703766;-12.966995;-2.030289;ziga2
127;2159341593184058;-7.412445;-12.583923;-0.363922;ziga2
128;2159341617476051;-5.880157;-11.051636;-0.976837;ziga2
129;2159341641798560;-3.007111;-10.419571;0.000000;ziga2
130;2159341666121070;0.210693;-11.204865;3.102890;ziga2
131;2159341690443580;1.877060;-14.652512;3.983948;ziga2
132;2159341714766090;3.485962;-18.349167;3.122040;ziga2
133;2159341715681617;3.830719;-17.219101;0.383072;ziga2
134;2159341716597144;2.892197;-13.924683;-2.470810;ziga2
135;2159341732374732;3.198654;-13.024460;-3.313568;ziga2
136;2159341745710914;3.447647;-13.445831;-1.915359;ziga2
137;2159341759047096;2.528275;-12.583923;0.287308;ziga2
138;2159341772413795;1.704666;-11.722015;2.375046;ziga2
139;2159341785749976;-2.394196;-10.687714;7.086838;ziga2
140;2159341799116676;-3.141190;-8.178589;-2.566589;ziga2
141;2159341814894264;-2.489975;-7.948746;-1.283295;ziga2
142;2159341830732887;-0.402222;-8.216904;1.819595;ziga2
143;2159341846571510;1.608902;-7.125137;0.976837;ziga2
144;2159341862410133;2.451660;-6.071701;1.685516;ziga2
145;2159341878248756;2.681503;-5.171478;1.570602;ziga2
146;2159341894117896;2.968811;-4.309570;1.474823;ziga2
147;2159341909895484;3.026276;-3.811569;1.168365;ziga2
148;2159341925674268;2.930496;-3.600876;0.938522;ziga2
149;2159341941512891;2.758118;-3.524261;0.861908;ziga2
150;2159341957382032;2.853882;-3.447647;0.555450;ziga2
151;2159341973251172;2.853882;-3.677490;-0.268158;ziga2
152;2159341989120313;2.968811;-4.290405;-1.647217;ziga2
153;2159342004989454;3.294418;-5.650314;-3.505112;ziga2
154;2159342020767042;1.762131;-9.002197;-7.910446;ziga2
155;2159342036605665;-4.520248;-14.269440;-13.350067;ziga2
156;2159342052444288;-12.200851;-18.885468;-15.667664;ziga2
157;2159342068313428;-14.135361;-19.364304;-15.303741;ziga2
158;2159342084152051;-8.983047;-17.199951;-10.228027;ziga2
159;2159342100021192;-4.807556;-13.522446;-4.922485;ziga2
160;2159342115798780;-3.505112;-8.216904;-4.098877;ziga2
161;2159342131576368;-1.551437;-4.022263;-4.137177;ziga2
162;2159342147414991;-0.785294;-2.509125;-2.949661;ziga2
163;2159342163284131;2.068588;-3.332733;-0.057465;ziga2
164;2159342179153272;5.190628;-8.255203;1.053452;ziga2
165;2159342195022413;5.803543;-16.567871;-1.264145;ziga2
166;2159342210891553;-0.708679;-25.723297;-12.469009;ziga2
167;2159342226669141;-2.126053;-20.781677;-13.120224;ziga2
168;2159342242507764;9.289505;-2.643204;6.033386;ziga2
169;2159342258346387;12.200851;2.777267;10.496185;ziga2
170;2159342274185010;5.382172;0.900223;3.122040;ziga2
171;2159342290023633;-5.152328;-7.738068;4.405334;ziga2
172;2159342305892774;-7.642288;-15.859192;5.841858;ziga2
173;2159342321670362;-5.880157;-17.755402;-0.248993;ziga2
174;2159342337508985;-4.347870;-13.120224;-4.673477;ziga2
175;2159342353347608;-1.666367;-9.059662;-1.053452;ziga2
176;2159342369216749;0.881073;-8.714890;1.244980;ziga2
177;2159342385055372;2.355896;-8.044525;2.892197;ziga2
178;2159342400924512;3.696640;-7.125137;1.302444;ziga2
179;2159342416702100;2.528275;-7.910446;0.574615;ziga2
180;2159342432540723;-0.229843;-9.538498;0.172379;ziga2
181;2159342448379346;-2.240967;-10.247177;-0.421387;ziga2
182;2159342464248487;-3.256119;-10.132263;-1.800446;ziga2
183;2159342480087110;-2.892197;-9.423584;0.727844;ziga2
184;2159342495956251;-2.183517;-8.983047;0.459686;ziga2
185;2159342511733838;-1.398209;-9.442734;-0.498001;ziga2
186;2159342527511426;-0.861908;-9.806656;0.287308;ziga2
187;2159342543350049;-0.574615;-9.385269;0.536301;ziga2
188;2159342559219190;0.134079;-8.944733;-0.248993;ziga2
189;2159342575088331;0.632065;-8.676590;-0.900223;ziga2
190;2159342590957471;1.608902;-9.136276;-0.191544;ziga2
191;2159342606826612;1.896210;-9.672577;0.191544;ziga2
192;2159342622604200;0.957687;-9.787491;-0.210693;ziga2
193;2159342638442823;-0.440536;-10.323792;-1.206680;ziga2
194;2159342654281446;-1.608902;-11.147400;-1.034302;ziga2
195;2159342670150586;-3.007111;-12.066772;1.244980;ziga2
196;2159342685989210;-4.156342;-12.028473;2.087738;ziga2
197;2159342701858350;-5.228943;-11.875244;1.149216;ziga2
198;2159342717635938;-4.711792;-12.009323;0.057465;ziga2
199;2159342733413526;-1.915359;-12.469009;-1.532288;ziga2
200;2159342749252149;1.628052;-12.354080;-3.466797;ziga2
201;2159342765121290;2.126053;-11.664551;-2.662354;ziga2
202;2159342780990430;-0.938522;-11.511322;-4.347870;ziga2
203;2159342796859571;-3.964798;-12.411545;-3.945648;ziga2
204;2159342812728711;-5.612015;-12.526459;-3.485962;ziga2
205;2159342828506299;-6.991074;-12.124237;-2.011124;ziga2
206;2159342844344922;-7.297531;-11.645401;0.536301;ziga2
207;2159342860183545;-6.282379;-10.572800;2.068588;ziga2
208;2159342876022169;-3.179504;-11.147400;4.750092;ziga2
209;2159342891860792;1.455673;-13.541611;4.711792;ziga2
210;2159342907729932;4.692642;-18.195938;2.145203;ziga2
211;2159342923507520;5.133163;-19.900604;-1.264145;ziga2
212;2159342939285108;3.907333;-15.571884;-2.413361;ziga2
213;2159342955123731;2.758118;-13.273453;-1.321594;ziga2
214;2159342970992872;2.528275;-12.928696;-0.344772;ziga2
215;2159342986862012;2.949661;-12.698853;-0.114929;ziga2
216;2159343002731153;1.551437;-12.507309;2.777267;ziga2
217;2159343018600294;-2.815582;-10.860092;4.003113;ziga2
218;2159343034377881;-3.581726;-7.891296;-2.624039;ziga2
219;2159343050216504;-2.068588;-7.738068;1.781281;ziga2
220;2159343066055127;-0.019150;-7.144302;2.145203;ziga2
221;2159343081893751;1.436523;-6.282379;1.379059;ziga2
222;2159343097732374;2.738968;-5.343857;0.823608;ziga2
223;2159343113601514;3.926498;-4.386185;1.264145;ziga2
224;2159343129379102;3.945648;-3.562576;1.053452;ziga2
225;2159343145217725;3.811569;-2.796432;0.976837;ziga2
226;2159343161056348;3.026276;-2.451660;1.015137;ziga2
227;2159343176925489;2.145203;-2.528275;0.938522;ziga2
228;2159343192764112;1.800446;-2.758118;0.727844;ziga2
229;2159343208633252;1.953674;-3.141190;0.000000;ziga2
230;2159343224410840;2.240967;-4.137177;-1.244980;ziga2
231;2159343240249463;2.815582;-5.554550;-2.738968;ziga2
232;2159343256088086;1.570602;-9.155426;-7.029373;ziga2
233;2159343271957227;-2.624039;-14.748276;-15.150513;ziga2
234;2159343287795850;-12.966995;-23.041794;-21.356277;ziga2
235;2159343303664991;-19.498383;-28.404816;-18.253387;ziga2
236;2159343319442579;-12.622238;-19.766525;-7.489059;ziga2
237;2159343335220167;-3.888184;-8.523361;-4.979935;ziga2
238;2159343351058790;-0.038315;-2.394196;-4.845871;ziga2
239;2159343366927930;-0.095764;0.536301;-1.647217;ziga2
240;2159343382766553;1.398209;-1.723831;0.134079;ziga2
241;2159343398635694;3.964798;-7.182602;4.960785;ziga2
242;2159343414504835;4.252106;-17.027557;4.462799;ziga2
243;2159343430282422;-4.941635;-31.297012;-15.935806;ziga2
244;2159343446121045;-5.094864;-22.831116;-15.820892;ziga2
245;2159343461959669;12.392395;2.011124;8.350983;ziga2
246;2159343477828809;16.108185;5.803543;8.906433;ziga2
247;2159343493667432;6.703766;4.041412;4.616028;ziga2
248;2159343509536573;-6.895294;-6.971909;6.052536;ziga2
249;2159343525314161;-9.883270;-18.483231;6.014236;ziga2
250;2159343541091749;-7.872131;-20.494370;-3.007111;ziga2
251;2159343556930372;-7.546524;-14.422668;-4.558563;ziga2
252;2159343572799512;-1.455673;-8.542511;-0.555450;ziga2
253;2159343588668653;2.470810;-6.550537;3.371033;ziga2
254;2159343604537794;3.792419;-7.316681;2.681503;ziga2
255;2159343620406934;4.616028;-7.105988;-0.708679;ziga2
256;2159343636184522;3.007111;-7.297531;0.842758;ziga2
257;2159343652023145;-0.612915;-10.668564;1.570602;ziga2
258;2159343667861768;-2.930496;-12.009323;-0.881073;ziga2
259;2159343683730909;-3.122040;-11.032486;-2.949661;ziga2
260;2159343699569532;-0.861908;-8.791504;0.076614;ziga2
261;2159343715438672;2.221817;-7.948746;1.379059;ziga2
262;2159343731216260;2.432510;-8.657440;1.551437;ziga2
263;2159343747054883;2.815582;-9.442734;1.034302;ziga2
264;2159343762893506;3.217804;-9.902420;-0.746994;ziga2
265;2159343778762647;1.244980;-9.921570;-1.034302;ziga2
266;2159343794601270;0.287308;-9.595963;-1.264145;ziga2
267;2159343810470411;-0.823608;-9.768341;-1.187531;ziga2
268;2159343826247999;-1.628052;-10.170563;-0.153229;ziga2
269;2159343842086622;-1.685516;-10.879257;-1.053452;ziga2
270;2159343857925245;-1.762131;-11.262329;-0.919373;ziga2
271;2159343873763868;-2.777267;-10.764328;-1.168365;ziga2
272;2159343889602491;-3.830719;-10.687714;0.651230;ziga2
273;2159343905471631;-4.941635;-11.932709;3.122040;ziga2
274;2159343921249219;-5.094864;-12.718002;1.398209;ziga2
275;2159343937026807;-3.849884;-12.756302;-2.432510;ziga2
276;2159343952865430;-1.053452;-12.392395;-4.520248;ziga2
277;2159343968734571;-0.919373;-11.894394;-5.573700;ziga2
278;2159343984603711;-4.271255;-12.124237;-4.194641;ziga2
279;2159344000472852;-7.201752;-12.488159;-2.030289;ziga2
280;2159344016341993;-7.105988;-12.718002;-0.689529;ziga2
281;2159344032119581;-4.481949;-10.936707;-0.287308;ziga2
282;2159344047958204;-0.823608;-11.185715;1.608902;ziga2
283;2159344063796827;1.493988;-14.729126;3.658340;ziga2
284;2159344079665967;3.179504;-19.115311;4.271255;ziga2
285;2159344095504590;5.190628;-20.283676;1.551437;ziga2
286;2159344111373731;5.343857;-16.797714;-1.877060;ziga2
287;2159344127151319;4.845871;-14.499283;-3.026276;ziga2
288;2159344142928907;4.520248;-14.365204;-3.256119;ziga2
289;2159344158767530;4.060562;-13.618225;-1.225830;ziga2
290;2159344174636670;2.547424;-12.334930;-0.287308;ziga2
291;2159344190505811;0.363922;-11.453857;5.477936;ziga2
292;2159344206374952;-2.049438;-9.595963;1.398209;ziga2
293;2159344222244092;-1.225830;-8.101974;-1.436523;ziga2
294;2159344238021680;0.478836;-7.565674;0.919373;ziga2
295;2159344253860303;1.857895;-6.148315;0.536301;ziga2
296;2159344269698926;2.068588;-4.922485;1.934509;ziga2
297;2159344285568067;2.700653;-4.175491;1.513138;ziga2
298;2159344301406690;3.007111;-3.390182;2.240967;ziga2
299;2159344317275831;3.600876;-2.643204;2.068588;ziga2
300;2159344333053419;3.332733;-2.413361;1.742981;ziga2
301;2159344348831006;2.643204;-2.815582;1.455673;ziga2
302;2159344364669629;2.585739;-2.987961;1.398209;ziga2
303;2159344380538770;2.547424;-3.007111;0.670380;ziga2
304;2159344396407911;2.700653;-3.543411;-0.785294;ziga2
305;2159344412277051;3.102890;-5.018250;-2.470810;ziga2
306;2159344428146192;2.298431;-7.910446;-6.205765;ziga2
307;2159344443923780;-3.179504;-14.039597;-14.077911;ziga2
308;2159344459762403;-13.618225;-21.854279;-19.881454;ziga2
309;2159344475601026;-17.563858;-24.267624;-19.268539;ziga2
310;2159344491470167;-9.500198;-16.950943;-11.128250;ziga2
311;2159344507308790;-3.696640;-10.611099;-4.979935;ziga2
312;2159344523177930;-1.551437;-5.956772;-4.558563;ziga2
313;2159344538955518;-0.383072;-3.217804;-4.424484;ziga2
314;2159344554794141;4.462799;-4.271255;-3.045425;ziga2
315;2159344570632764;8.791504;-12.679688;-1.513138;ziga2
316;2159344586501905;3.217804;-24.784775;-6.416458;ziga2
317;2159344602340528;-10.515335;-25.819077;-9.595963;ziga2
318;2159344618209669;3.581726;-4.175491;6.110001;ziga2
319;2159344633987256;16.893494;5.899307;8.465897;ziga2
320;2159344649825879;7.489059;3.888184;2.853882;ziga2
321;2159344665664502;-4.501099;-5.995087;2.087738;ziga2
322;2159344681503126;-3.198654;-17.027557;7.699753;ziga2
323;2159344697341749;-5.956772;-21.624435;1.953674;ziga2
324;2159344713210889;-6.722916;-14.269440;-4.022263;ziga2
325;2159344728988477;-1.896210;-7.757217;-0.593765;ziga2
326;2159344744766065;1.110916;-7.048523;2.260132;ziga2
327;2159344760604688;3.236954;-7.929596;1.532288;ziga2
328;2159344776473829;3.294418;-8.580826;2.106903;ziga2
329;2159344792342969;1.877060;-9.442734;2.853882;ziga2
330;2159344808212110;0.555450;-9.959885;2.758118;ziga2
331;2159344824081251;-0.478836;-10.726028;-0.306458;ziga2
332;2159344839858838;-1.723831;-10.132263;-2.566589;ziga2
333;2159344855697461;-2.068588;-9.519348;-2.106903;ziga2
334;2159344871536085;-1.072601;-9.002197;0.555450;ziga2
335;2159344887405225;-0.727844;-8.236053;1.819595;ziga2
336;2159344903243848;0.957687;-8.350983;0.593765;ziga2
337;2159344919112989;1.034302;-9.327805;0.019150;ziga2
338;2159344934890577;0.651230;-9.576813;-0.248993;ziga2
339;2159344950668165;0.383072;-9.423584;-0.287308;ziga2
340;2159344966506788;-0.095764;-9.595963;0.306458;ziga2
341;2159344982375928;0.000000;-9.710876;0.995987;ziga2
342;2159344998245069;-0.498001;-9.883270;0.612915;ziga2
343;2159345014114210;-1.647217;-10.975021;-1.877060;ziga2
344;2159345029983350;-2.681503;-11.779480;-4.596863;ziga2
345;2159345045760938;-3.409348;-12.143387;-1.934509;ziga2
346;2159345061599561;-4.156342;-12.047623;2.355896;ziga2
347;2159345077438184;-4.577713;-11.894394;1.206680;ziga2
348;2159345093307325;-4.252106;-12.085938;0.038315;ziga2
349;2159345109145948;-1.991974;-12.181702;-1.398209;ziga2
350;2159345125015088;0.325607;-12.028473;-3.505112;ziga2
351;2159345140792676;0.191544;-11.607086;-3.485962;ziga2
352;2159345156631299;-1.991974;-11.626251;-4.137177;ziga2
353;2159345172469922;-4.845871;-12.277466;-3.639191;ziga2
354;2159345188339063;-6.742065;-12.124237;-2.796432;ziga2
355;2159345204177686;-7.029373;-11.511322;-1.283295;ziga2
356;2159345220046827;-5.688629;-10.132263;0.172379;ziga2
357;2159345235824415;-3.715805;-10.994171;3.447647;ziga2
358;2159345251663038;0.191544;-13.579910;6.244080;ziga2
359;2159345267501661;3.122040;-18.272552;4.501099;ziga2
360;2159345283370801;4.367020;-20.896591;0.172379;ziga2
361;2159345299209424;3.409348;-17.104172;-2.949661;ziga2
362;2159345315078565;2.968811;-14.211975;-3.485962;ziga2
363;2159345330856153;3.715805;-13.369217;-1.532288;ziga2
364;2159345346633741;3.083725;-13.177689;0.727844;ziga2
365;2159345362472364;2.987961;-12.430695;1.589752;ziga2
366;2159345378341504;-1.991974;-11.377243;6.588837;ziga2
367;2159345394210645;-3.581726;-7.948746;-3.830719;ziga2
368;2159345410079786;-2.413361;-6.837845;-0.517151;ziga2
369;2159345425948926;-1.551437;-7.431595;2.987961;ziga2
370;2159345441726514;0.325607;-6.933609;1.838745;ziga2
371;2159345457565137;1.723831;-5.592850;1.857895;ziga2
372;2159345473403760;3.332733;-4.213791;2.183517;ziga2
373;2159345489272901;4.635178;-3.275269;2.126053;ziga2
374;2159345505111524;4.367020;-2.853882;1.819595;ziga2
375;2159345520980665;3.217804;-2.853882;1.340759;ziga2
376;2159345536758252;2.413361;-2.949661;1.091751;ziga2
377;2159345552535840;2.298431;-3.141190;0.746994;ziga2
378;2159345568374463;2.240967;-3.428497;0.000000;ziga2
379;2159345584243604;2.566589;-4.041412;-1.666367;ziga2
380;2159345600112745;3.715805;-5.477936;-3.562576;ziga2
381;2159345615981885;3.332733;-8.829819;-7.527374;ziga2
382;2159345631851026;-3.524261;-14.595047;-14.671661;ziga2
383;2159345647628614;-12.871231;-20.685898;-18.732239;ziga2
384;2159345663467237;-17.027557;-22.831116;-17.851166;ziga2
385;2159345679305860;-10.821793;-18.636475;-9.251190;ziga2
386;2159345695175001;-4.041412;-11.702866;-4.252106;ziga2
387;2159345711013624;-2.011124;-5.784393;-4.271255;ziga2
388;2159345726882764;-1.589752;-1.934509;-3.926498;ziga2
389;2159345742660352;1.953674;-3.505112;-2.719818;ziga2
390;2159345758437940;3.409348;-10.477020;-0.019150;ziga2
391;2159345774276563;4.041412;-21.930893;-1.915359;ziga2
392;2159345790145704;-4.405334;-30.243561;-12.124237;ziga2
393;2159345806014844;5.152328;-6.818680;3.045425;ziga2
394;2159345821883985;14.633362;5.363007;6.722916;ziga2
395;2159345837753126;9.097961;4.577713;6.205765;ziga2
396;2159345853530713;-3.830719;-4.328720;5.363007;ziga2
397;2159345869369336;-6.933609;-15.820892;7.757217;ziga2
398;2159345885207960;-6.703766;-20.781677;-0.344772;ziga2
399;2159345901077100;-6.799530;-15.303741;-5.075714;ziga2
400;2159345916915723;-2.145203;-8.523361;-1.283295;ziga2
401;2159345932784864;1.264145;-7.182602;2.298431;ziga2
402;2159345948562452;2.528275;-7.987061;2.221817;ziga2
403;2159345964401075;2.604889;-8.542511;1.493988;ziga2
404;2159345980239698;2.279282;-8.216904;1.398209;ziga2
405;2159345996108838;0.823608;-9.193741;1.206680;ziga2
406;2159346011947461;-0.785294;-10.113113;-0.746994;ziga2
407;2159346027816602;-1.589752;-10.342957;-1.513138;ziga2
408;2159346043594190;-1.704666;-9.940720;-1.359909;ziga2
409;2159346059432813;-1.149216;-8.523361;-0.344772;ziga2
410;2159346075271436;0.421387;-8.868118;0.172379;ziga2
411;2159346091110059;1.647217;-8.944733;0.612915;ziga2
412;2159346106948682;1.857895;-8.868118;0.268158;ziga2
413;2159346122817823;1.417374;-8.963898;-0.325607;ziga2
414;2159346138595411;0.976837;-9.212891;0.076614;ziga2
415;2159346154372999;0.383072;-9.461884;1.206680;ziga2
416;2159346170211622;-0.057465;-9.844955;1.053452;ziga2
417;2159346186080762;-0.421387;-10.534485;-0.440536;ziga2
418;2159346201949903;-1.379059;-11.473022;-2.892197;ziga2
419;2159346217819044;-2.509125;-12.047623;-3.907333;ziga2
420;2159346233688184;-3.198654;-12.315781;-0.574615;ziga2
421;2159346249465772;-4.041412;-12.220001;1.244980;ziga2
422;2159346265304395;-4.577713;-12.239166;0.919373;ziga2
423;2159346281143018;-3.620026;-12.373230;-0.421387;ziga2
424;2159346297012159;-1.091751;-12.200851;-2.777267;ziga2
425;2159346312850782;0.632065;-11.722015;-3.122040;ziga2
426;2159346328719922;-0.670380;-12.009323;-3.102890;ziga2
427;2159346344497510;-4.041412;-13.273453;-3.083725;ziga2
428;2159346360275098;-6.627151;-13.867218;-2.126053;ziga2
429;2159346376113721;-7.374146;-13.043610;-1.302444;ziga2
430;2159346391982862;-5.669464;-10.955872;-1.647217;ziga2
431;2159346407852002;-2.853882;-9.959885;0.708679;ziga2
432;2159346423721143;-0.229843;-11.760315;5.439621;ziga2
433;2159346439590284;2.317581;-16.184799;5.439621;ziga2
434;2159346455367872;3.447647;-19.613297;2.509125;ziga2
435;2159346471206495;2.892197;-17.199951;-1.398209;ziga2
436;2159346487045118;1.857895;-14.460983;-3.141190;ziga2
437;2159346502914258;3.064575;-13.752289;-3.179504;ziga2
438;2159346518752881;3.064575;-13.484146;0.517151;ziga2
439;2159346534622022;2.279282;-12.315781;1.551437;ziga2
440;2159346550399610;-0.383072;-11.338943;6.876144;ziga2
441;2159346566177198;-3.198654;-9.097961;2.489975;ziga2
442;2159346582015821;-3.141190;-7.335831;-3.754105;ziga2
443;2159346597884961;-0.861908;-7.086838;1.474823;ziga2
444;2159346613754102;0.976837;-6.799530;1.762131;ziga2
445;2159346629623243;2.260132;-5.707779;1.762131;ziga2
446;2159346645492383;3.275269;-4.884171;1.589752;ziga2
447;2159346661269971;3.658340;-4.156342;1.321594;ziga2
448;2159346677108594;3.734955;-3.409348;1.244980;ziga2
449;2159346692947217;3.620026;-2.911346;1.283295;ziga2
450;2159346708785840;2.968811;-2.834732;0.842758;ziga2
451;2159346724624463;2.815582;-2.834732;0.440536;ziga2
452;2159346740493604;3.064575;-2.911346;-0.134079;ziga2
453;2159346756271192;3.179504;-3.236954;-1.436523;ziga2
454;2159346772109815;3.485962;-4.367020;-3.179504;ziga2
455;2159346787948438;1.838745;-7.546524;-6.703766;ziga2
456;2159346803817579;-3.715805;-12.737152;-12.966995;ziga2
457;2159346819656202;-11.166550;-18.540695;-17.506409;ziga2
458;2159346835525342;-15.150513;-22.122421;-18.138474;ziga2
459;2159346851302930;-11.434708;-20.513519;-10.342957;ziga2
460;2159346867141553;-6.090851;-14.767441;-5.171478;ziga2
461;2159346883010694;-3.754105;-8.063675;-5.133163;ziga2
462;2159346898849317;-1.570602;-3.505112;-5.305557;ziga2
463;2159346914718458;-0.727844;-1.991974;-3.064575;ziga2
464;2159346930587598;2.145203;-3.524261;1.110916;ziga2
465;2159346946365186;4.156342;-7.316681;3.524261;ziga2
466;2159346962142774;5.841858;-16.050735;2.949661;ziga2
467;2159346977981397;-0.976837;-29.113495;-17.391479;ziga2
468;2159346993850538;0.517151;-20.954056;-15.437820;ziga2
469;2159347009719678;10.266342;1.149216;12.162552;ziga2
470;2159347025588819;10.132263;3.179504;10.074799;ziga2
471;2159347041457960;1.589752;0.000000;5.133163;ziga2
472;2159347057235547;-8.236053;-9.557648;7.220917;ziga2
473;2159347073074170;-6.799530;-17.946930;2.126053;ziga2
474;2159347088912794;-4.137177;-17.295715;-3.122040;ziga2
475;2159347104781934;-3.773254;-11.702866;-2.700653;ziga2
476;2159347120620557;-0.612915;-8.868118;0.210693;ziga2
477;2159347136489698;1.149216;-8.255203;4.367020;ziga2
478;2159347152267286;2.834732;-7.412445;1.053452;ziga2
479;2159347168044874;3.275269;-6.914459;-0.746994;ziga2
480;2159347183822461;1.015137;-8.408432;0.727844;ziga2
481;2159347199600049;-0.651230;-9.902420;-0.842758;ziga2
482;2159347215377637;-2.030289;-10.457870;-0.766144;ziga2
483;2159347231155225;-1.877060;-9.710876;-1.110916;ziga2
484;2159347255782911;-1.647217;-9.615112;0.191544;ziga2
485;2159347280441114;-0.957687;-9.327805;-0.038315;ziga2
486;2159347305068799;0.574615;-8.427597;0.344772;ziga2
487;2159347329727002;1.264145;-8.580826;0.612915;ziga2
488;2159347354385206;2.240967;-8.370132;-0.708679;ziga2
489;2159347355300733;1.513138;-8.810669;-0.248993;ziga2
490;2159347356246778;0.555450;-9.461884;0.593765;ziga2
491;2159347372024366;-0.383072;-10.093948;0.248993;ziga2
492;2159347385085889;-0.861908;-11.013321;-1.130066;ziga2
493;2159347398147413;-1.953674;-12.220001;-3.581726;ziga2
494;2159347411239454;-2.758118;-12.105087;-3.122040;ziga2
495;2159347424300977;-3.600876;-11.836929;0.651230;ziga2
496;2159347437393018;-4.481949;-12.124237;2.164352;ziga2
497;2159347453170606;-4.730942;-12.813766;1.628052;ziga2
498;2159347469009229;-3.026276;-12.928696;-1.340759;ziga2
499;2159347484847852;-0.402222;-12.641388;-4.060562;ziga2
500;2159347500716993;0.172379;-12.220001;-3.734955;ziga2
501;2159347516555616;-2.317581;-12.641388;-4.309570;ziga2
502;2159347532424756;-6.014236;-13.464996;-3.428497;ziga2
503;2159347548202344;-7.412445;-13.196838;-1.455673;ziga2
504;2159347563979932;-6.378159;-11.338943;-1.206680;ziga2
505;2159347579818555;-4.156342;-10.093948;0.804459;ziga2
506;2159347595687696;-0.651230;-11.473022;4.003113;ziga2
507;2159347611556836;2.834732;-15.342041;5.995087;ziga2
508;2159347627425977;4.022263;-19.536682;3.792419;ziga2
509;2159347643295118;3.409348;-18.157623;-1.379059;ziga2
510;2159347659072706;2.528275;-14.748276;-3.351883;ziga2
511;2159347674911329;2.662354;-13.599060;-2.011124;ziga2
512;2159347690749952;3.064575;-12.852081;-0.517151;ziga2
513;2159347706619092;2.183517;-12.373230;1.532288;ziga2
514;2159347722457715;0.727844;-11.434708;5.401321;ziga2
515;2159347738326856;-3.351883;-10.036499;5.018250;ziga2
516;2159347754104444;-3.524261;-7.795517;-3.792419;ziga2
517;2159347769882032;-1.436523;-7.259216;0.344772;ziga2
518;2159347785720655;0.804459;-7.546524;1.819595;ziga2
519;2159347801589795;2.815582;-6.244080;2.068588;ziga2
520;2159347817428419;3.658340;-4.884171;1.608902;ziga2
521;2159347833297559;4.443634;-3.983948;1.283295;ziga2
522;2159347849166700;4.845871;-3.064575;1.283295;ziga2
523;2159347864944288;4.232956;-2.413361;1.264145;ziga2
524;2159347880782911;3.026276;-2.509125;1.034302;ziga2
525;2159347896652051;2.298431;-2.834732;0.957687;ziga2
526;2159347912490674;1.953674;-3.256119;0.593765;ziga2
527;2159347928359815;2.145203;-3.869034;-0.632065;ziga2
528;2159347944228956;2.815582;-5.114014;-2.298431;ziga2
529;2159347960006544;3.236954;-7.776367;-5.075714;ziga2
530;2159347975784131;-1.130066;-13.101074;-12.909531;ziga2
531;2159347991622754;-11.549637;-19.057846;-18.617310;ziga2
532;2159348007491895;-18.789703;-22.582108;-18.330002;ziga2
533;2159348023361036;-14.211975;-19.211075;-11.281479;ziga2
534;2159348039230176;-7.795517;-13.905518;-4.194641;ziga2
535;2159348055099317;-4.060562;-7.584824;-3.562576;ziga2
536;2159348070876905;-2.432510;-3.409348;-3.505112;ziga2
537;2159348086715528;-1.053452;-1.972824;-3.256119;ziga2
538;2159348102554151;3.447647;-4.539413;0.459686;ziga2
539;2159348118423292;6.799530;-14.365204;3.485962;ziga2
540;2159348134261915;3.371033;-23.693024;-7.891296;ziga2
541;2159348150131055;-4.539413;-25.282776;-16.606186;ziga2
542;2159348165908643;10.074799;-4.118027;0.517151;ziga2
543;2159348181747266;15.916656;4.481949;11.032486;ziga2
544;2159348197585889;7.220917;3.179504;5.746078;ziga2
545;2159348213455030;-4.922485;-5.861008;8.504211;ziga2
546;2159348229293653;-6.742065;-16.931793;4.654327;ziga2
547;2159348245162794;-5.880157;-21.413742;-0.210693;ziga2
548;2159348260940381;-4.577713;-14.595047;-4.041412;ziga2
549;2159348276779004;-1.340759;-8.542511;0.632065;ziga2
550;2159348292617627;1.321594;-8.082825;2.624039;ziga2
551;2159348308486768;1.704666;-9.078812;3.869034;ziga2
552;2159348324325391;2.202667;-8.580826;1.015137;ziga2
553;2159348340194532;3.505112;-7.220917;-1.149216;ziga2
554;2159348355972120;2.202667;-8.657440;0.708679;ziga2
555;2159348371749708;0.019150;-10.228027;2.049438;ziga2
556;2159348387588331;-1.666367;-10.649414;0.095764;ziga2
557;2159348403457471;-2.087738;-9.500198;-2.911346;ziga2
558;2159348419296094;-1.838745;-9.155426;-1.455673;ziga2
559;2159348435165235;-0.708679;-9.059662;1.742981;ziga2
560;2159348451034376;0.421387;-8.561661;1.800446;ziga2
561;2159348466811963;0.842758;-8.561661;-0.344772;ziga2
562;2159348482650586;-0.402222;-9.557648;-1.015137;ziga2
563;2159348498489210;-1.053452;-9.749191;0.248993;ziga2
564;2159348514358350;-0.995987;-9.749191;0.574615;ziga2
565;2159348530196973;-1.551437;-10.496185;-0.287308;ziga2
566;2159348546066114;-1.953674;-11.128250;-2.375046;ziga2
567;2159348561843702;-2.011124;-11.932709;-3.332733;ziga2
568;2159348577621290;-2.604889;-11.702866;-0.153229;ziga2
569;2159348593459913;-3.620026;-11.243164;2.566589;ziga2
570;2159348609329053;-4.424484;-11.166550;1.934509;ziga2
571;2159348625167676;-4.290405;-11.971008;-0.727844;ziga2
572;2159348641036817;-1.857895;-12.354080;-2.834732;ziga2
573;2159348656905958;0.612915;-11.836929;-3.869034;ziga2
574;2159348672683545;0.766144;-11.358093;-4.041412;ziga2
575;2159348688522169;-2.049438;-12.430695;-5.171478;ziga2
576;2159348704360792;-4.999100;-12.852081;-4.865021;ziga2
577;2159348720229932;-6.608002;-12.354080;-3.849884;ziga2
578;2159348736068555;-6.033386;-10.572800;-1.225830;ziga2
579;2159348751937696;-5.228943;-10.400406;3.964798;ziga2
580;2159348767715284;-1.340759;-13.101074;7.489059;ziga2
581;2159348783553907;2.968811;-17.257401;7.182602;ziga2
582;2159348799392530;3.811569;-21.126434;-0.517151;ziga2
583;2159348815261670;3.715805;-20.053833;-4.347870;ziga2
584;2159348831100294;3.198654;-16.184799;-2.662354;ziga2
585;2159348846969434;3.773254;-14.039597;-0.746994;ziga2
586;2159348862747022;3.485962;-12.660538;0.459686;ziga2
587;2159348878585645;3.026276;-11.607086;0.881073;ziga2
588;2159348894424268;-0.440536;-10.879257;5.535400;ziga2
589;2159348910293409;-2.987961;-8.619125;-1.244980;ziga2
590;2159348926132032;-2.470810;-7.201752;-1.244980;ziga2
591;2159348942001172;-0.689529;-7.029373;1.991974;ziga2
592;2159348957778760;0.498001;-6.531387;1.896210;ziga2
593;2159348973556348;1.628052;-5.363007;1.532288;ziga2
594;2159348989394971;3.160339;-4.156342;1.819595;ziga2
595;2159349005264112;4.213791;-3.275269;1.838745;ziga2
596;2159349021102735;4.424484;-2.585739;2.049438;ziga2
597;2159349036971876;3.543411;-2.240967;1.934509;ziga2
598;2159349052841016;2.279282;-2.547424;1.762131;ziga2
599;2159349068618604;1.819595;-2.987961;1.187531;ziga2
600;2159349084457227;1.934509;-3.409348;-0.038315;ziga2
601;2159349100295850;2.260132;-4.213791;-1.781281;ziga2
602;2159349116164991;3.141190;-5.248093;-3.620026;ziga2
603;2159349132003614;2.911346;-8.350983;-8.216904;ziga2
604;2159349147872754;-4.137177;-14.614212;-17.238251;ziga2
605;2159349163650342;-14.307755;-23.022644;-21.701050;ziga2
606;2159349179427930;-16.357193;-24.535782;-16.989258;ziga2
607;2159349195266553;-8.580826;-17.927780;-8.101974;ziga2
608;2159349211135694;-3.236954;-10.093948;-4.616028;ziga2
609;2159349227004835;-0.938522;-4.577713;-4.443634;ziga2
610;2159349242873975;-0.038315;-1.819595;-3.256119;ziga2
611;2159349258743116;1.991974;-1.455673;-1.991974;ziga2
612;2159349274520704;3.792419;-5.248093;1.091751;ziga2
613;2159349290359327;6.550537;-13.350067;1.666367;ziga2
614;2159349306197950;1.742981;-25.186996;-7.546524;ziga2
615;2159349322067090;-7.354980;-29.285873;-18.808853;ziga2
616;2159349337905713;6.569687;-4.730942;3.964798;ziga2
617;2159349353774854;13.484146;4.079727;12.679688;ziga2
618;2159349369552442;8.178589;3.217804;5.535400;ziga2
619;2159349385330030;-3.485962;-4.462799;7.584824;ziga2
620;2159349401168653;-7.316681;-15.533585;5.248093;ziga2
621;2159349417037794;-5.056549;-20.130447;-0.919373;ziga2
622;2159349432906934;-4.979935;-15.169662;-4.098877;ziga2
623;2159349448776075;-2.202667;-9.557648;0.402222;ziga2
624;2159349464645215;0.517151;-7.910446;3.447647;ziga2
625;2159349480422803;1.302444;-7.872131;3.026276;ziga2
626;2159349496261426;2.126053;-7.661453;-0.459686;ziga2
627;2159349512130567;2.355896;-7.412445;0.153229;ziga2
628;2159349527969190;0.555450;-8.772354;1.896210;ziga2
629;2159349543838331;-1.838745;-10.534485;0.842758;ziga2
630;2159349559707471;-3.122040;-10.649414;-0.727844;ziga2
631;2159349575485059;-3.179504;-9.251190;-0.268158;ziga2
632;2159349591323682;-2.662354;-8.906433;0.019150;ziga2
633;2159349607162305;-1.321594;-9.576813;0.325607;ziga2
634;2159349623031446;0.383072;-9.212891;0.651230;ziga2
635;2159349638870069;1.359909;-8.676590;-0.727844;ziga2
636;2159349654739210;1.206680;-8.695740;-1.206680;ziga2
637;2159349670516797;0.440536;-9.404419;-0.057465;ziga2
638;2159349686355420;0.210693;-10.074799;0.689529;ziga2
639;2159349702194044;-0.708679;-10.630249;-0.287308;ziga2
640;2159349718063184;-1.666367;-11.243164;-1.915359;ziga2
641;2159349733901807;-2.240967;-11.875244;-2.164352;ziga2
642;2159349749770948;-2.777267;-12.009323;-0.881073;ziga2
643;2159349765548536;-3.543411;-12.047623;0.651230;ziga2
644;2159349781326124;-4.156342;-12.162552;0.957687;ziga2
645;2159349797164747;-3.964798;-12.641388;0.402222;ziga2
646;2159349813033887;-2.068588;-13.043610;-1.608902;ziga2
647;2159349828903028;0.766144;-12.641388;-4.309570;ziga2
648;2159349844772169;0.919373;-11.722015;-4.232956;ziga2
649;2159349860641309;-2.279282;-11.281479;-5.343857;ziga2
650;2159349876418897;-5.554550;-11.951859;-3.964798;ziga2
651;2159349892257520;-7.393295;-12.066772;-1.379059;ziga2
652;2159349908096143;-7.297531;-11.396408;0.114929;ziga2
653;2159349923965284;-5.765244;-10.266342;2.643204;ziga2
654;2159349939803907;-2.834732;-12.009323;7.584824;ziga2
655;2159349955673047;1.972824;-15.533585;7.144302;ziga2
656;2159349971450635;4.118027;-19.996368;2.719818;ziga2
657;2159349987228223;3.754105;-19.019547;-2.260132;ziga2
658;2159350003066846;2.566589;-14.844055;-3.677490;ziga2
659;2159350018935987;3.371033;-12.852081;-1.704666;ziga2
660;2159350034805127;3.371033;-12.794617;0.689529;ziga2
661;2159350050674268;2.528275;-12.794617;1.168365;ziga2
662;2159350066543409;0.555450;-12.756302;3.696640;ziga2
663;2159350082320997;-3.945648;-11.128250;3.313568;ziga2
664;2159350098159620;-3.715805;-8.293518;-3.102890;ziga2
665;2159350113998243;-1.723831;-7.680603;1.379059;ziga2
666;2159350129836866;0.134079;-7.469910;2.470810;ziga2
667;2159350145675489;2.375046;-6.129150;1.762131;ziga2
668;2159350161544629;3.485962;-4.884171;1.704666;ziga2
669;2159350177322217;4.922485;-3.715805;1.359909;ziga2
670;2159350193160840;5.171478;-2.815582;1.455673;ziga2
671;2159350209029981;4.386185;-2.528275;1.053452;ziga2
672;2159350224868604;3.409348;-2.681503;0.919373;ziga2
673;2159350240737745;2.911346;-2.949661;0.651230;ziga2
674;2159350256606885;2.949661;-3.179504;0.306458;ziga2
675;2159350272384473;3.102890;-3.543411;-0.995987;ziga2
676;2159350288223096;3.600876;-4.347870;-2.643204;ziga2
677;2159350304061719;3.754105;-6.608002;-5.382172;ziga2
678;2159350319900342;-1.513138;-12.334930;-12.124237;ziga2
679;2159350335738965;-10.649414;-18.713089;-16.318878;ziga2
680;2159350351608106;-17.793701;-22.562958;-18.310852;ziga2
681;2159350367385694;-14.058746;-19.364304;-12.277466;ziga2
682;2159350383163282;-6.416458;-14.231140;-5.037399;ziga2
683;2159350399032422;-3.064575;-8.599976;-4.405334;ziga2
684;2159350414901563;-2.394196;-5.094864;-4.596863;ziga2
685;2159350430770704;-0.861908;-4.711792;-4.309570;ziga2
686;2159350446639844;3.409348;-10.726028;-0.689529;ziga2
687;2159350462508985;2.873047;-16.816879;-5.726929;ziga2
688;2159350478286573;-3.007111;-25.167847;-8.044525;ziga2
689;2159350494125196;5.918472;-10.419571;3.447647;ziga2
690;2159350509963819;16.970108;4.098877;2.068588;ziga2
691;2159350525832960;10.496185;5.267242;6.129150;ziga2
692;2159350541671583;-4.481949;-4.328720;6.627151;ziga2
693;2159350557540723;-7.220917;-14.614212;8.753204;ziga2
694;2159350573318311;-5.497086;-20.724213;1.225830;ziga2
695;2159350589095899;-5.037399;-17.506409;-5.209778;ziga2
696;2159350604934522;-1.532288;-9.308655;-3.198654;ziga2
697;2159350620803663;1.264145;-7.105988;3.236954;ziga2
698;2159350636672803;2.432510;-7.872131;2.011124;ziga2
699;2159350652541944;2.700653;-8.676590;1.053452;ziga2
700;2159350668411085;2.030289;-8.236053;0.881073;ziga2
701;2159350684188672;1.321594;-8.293518;-0.478836;ziga2
702;2159350700027295;-0.363922;-9.327805;-0.268158;ziga2
703;2159350715896436;-2.643204;-10.132263;-0.632065;ziga2
704;2159350731735059;-2.681503;-9.883270;-0.363922;ziga2
705;2159350747604200;-2.030289;-9.481033;-0.095764;ziga2
706;2159350763473340;-0.019150;-9.097961;-0.823608;ziga2
707;2159350779250928;2.126053;-8.465897;1.072601;ziga2
708;2159350795028516;2.451660;-8.523361;1.493988;ziga2
709;2159350810867139;2.509125;-8.753204;-0.976837;ziga2
710;2159350826736280;2.164352;-9.327805;-1.685516;ziga2
711;2159350842605420;0.517151;-9.844955;-0.325607;ziga2
712;2159350858474561;-1.168365;-10.381256;-0.708679;ziga2
713;2159350874343702;-2.049438;-10.994171;-1.474823;ziga2
714;2159350890121290;-2.394196;-11.990158;-2.355896;ziga2
715;2159350905959913;-2.049438;-12.105087;-2.873047;ziga2
716;2159350921798536;-1.915359;-11.722015;-0.114929;ziga2
717;2159350937667676;-2.987961;-11.319794;2.470810;ziga2
718;2159350953506299;-3.811569;-11.415558;2.604889;ziga2
719;2159350969375440;-2.930496;-11.894394;2.068588;ziga2
720;2159350985153028;-0.670380;-11.990158;-0.057465;ziga2
721;2159351000991651;1.149216;-11.875244;-2.394196;ziga2
722;2159351016830274;0.076614;-11.990158;-2.777267;ziga2
723;2159351032699415;-3.141190;-12.545624;-2.432510;ziga2
724;2159351048538038;-5.784393;-12.583923;-2.681503;ziga2
725;2159351064407178;-7.661453;-12.564774;-1.187531;ziga2
726;2159351080184766;-7.565674;-12.009323;-0.402222;ziga2
727;2159351096023389;-4.884171;-11.070786;-1.742981;ziga2
728;2159351111862012;-0.574615;-11.109100;-0.651230;ziga2
729;2159351127731153;1.666367;-13.177689;4.386185;ziga2
730;2159351143569776;2.375046;-16.970108;4.884171;ziga2
731;2159351159438917;4.232956;-18.981232;2.987961;ziga2
732;2159351175216504;4.156342;-16.357193;-0.344772;ziga2
733;2159351190994092;3.275269;-14.001297;-2.681503;ziga2
734;2159351206832715;3.466797;-13.579910;-3.179504;ziga2
735;2159351222701856;2.892197;-13.522446;-1.359909;ziga2
736;2159351238570997;1.953674;-12.105087;2.394196;ziga2
737;2159351254440137;1.857895;-10.975021;2.489975;ziga2
738;2159351270309278;-2.355896;-10.591949;7.814682;ziga2
739;2159351286086866;-2.355896;-7.776367;-3.007111;ziga2
740;2159351301925489;-1.551437;-6.933609;-0.881073;ziga2
741;2159351317764112;0.076614;-6.991074;1.991974;ziga2
742;2159351333633252;1.513138;-6.416458;2.030289;ziga2
743;2159351349471876;2.873047;-5.114014;1.532288;ziga2
744;2159351365341016;3.524261;-4.060562;1.436523;ziga2
745;2159351381118604;3.869034;-3.677490;1.589752;ziga2
746;2159351396896192;3.677490;-3.198654;1.781281;ziga2
747;2159351412734815;2.853882;-3.198654;1.340759;ziga2
748;2159351428603956;2.509125;-3.390182;0.498001;ziga2
749;2159351444473096;2.643204;-3.332733;-0.306458;ziga2
750;2159351460342237;2.949661;-3.524261;-1.608902;ziga2
751;2159351476211377;3.390182;-4.654327;-3.294418;ziga2
752;2159351491988965;3.639191;-7.527374;-6.952759;ziga2
753;2159351507827588;-0.995987;-12.622238;-13.541611;ziga2
754;2159351523666211;-10.189728;-17.487244;-16.912643;ziga2
755;2159351539535352;-16.261414;-20.781677;-16.893494;ziga2
756;2159351555373975;-13.139374;-19.670761;-9.097961;ziga2
757;2159351571243116;-6.856995;-15.150513;-3.677490;ziga2
758;2159351587020704;-5.056549;-8.599976;-3.734955;ziga2
759;2159351602859327;-4.960785;-3.562576;-4.232956;ziga2
760;2159351618728467;-3.983948;-1.455673;-3.524261;ziga2
761;2159351634567090;1.053452;-2.489975;1.589752;ziga2
762;2159351650436231;3.964798;-6.473923;3.543411;ziga2
763;2159351666305372;7.335831;-16.491257;3.658340;ziga2
764;2159351682082960;-1.206680;-30.492554;-18.195938;ziga2
765;2159351697921583;-2.011124;-23.961166;-16.491257;ziga2
766;2159351713760206;14.192825;0.881073;9.308655;ziga2
767;2159351729629346;16.682800;6.071701;9.442734;ziga2
768;2159351745467969;4.711792;3.485962;5.612015;ziga2
769;2159351761337110;-6.627151;-7.240067;10.649414;ziga2
770;2159351777114698;-7.067688;-18.234238;5.899307;ziga2
771;2159351792892286;-6.646301;-20.915741;-3.658340;ziga2
772;2159351808730909;-5.861008;-15.916656;-5.190628;ziga2
773;2159351824600049;0.076614;-9.385269;-0.478836;ziga2
774;2159351840469190;1.762131;-7.278366;6.282379;ziga2
775;2159351856338331;2.777267;-7.412445;1.015137;ziga2
776;2159351872207471;3.715805;-6.416458;-3.064575;ziga2
777;2159351887996491;1.532288;-7.431595;1.379059;ziga2
778;2159351903835114;-1.781281;-9.730042;2.509125;ziga2
779;2159351919673737;-3.734955;-11.338943;-0.555450;ziga2
780;2159351935542878;-3.351883;-11.032486;-2.930496;ziga2
781;2159351951381501;-1.896210;-9.385269;-2.375046;ziga2
782;2159351967250642;-0.287308;-9.136276;-0.134079;ziga2
783;2159351983028229;1.838745;-8.274368;1.302444;ziga2
784;2159351998805817;2.432510;-8.159439;1.168365;ziga2
785;2159352014674958;2.643204;-8.657440;0.402222;ziga2
786;2159352030544099;2.355896;-9.385269;-0.766144;ziga2
787;2159352046413239;1.302444;-9.998184;-0.440536;ziga2
788;2159352062282380;0.057465;-10.515335;-0.134079;ziga2
789;2159352078151520;-0.766144;-11.224014;-1.168365;ziga2
790;2159352093929108;-1.666367;-11.875244;-2.604889;ziga2
791;2159352109767731;-2.911346;-11.856094;-2.221817;ziga2
792;2159352125606354;-4.041412;-11.894394;0.210693;ziga2
793;2159352141475495;-4.462799;-11.932709;1.321594;ziga2
794;2159352157314118;-4.022263;-12.507309;1.570602;ziga2
795;2159352173183259;-1.838745;-12.813766;-0.383072;ziga2
796;2159352188960847;0.919373;-12.583923;-3.562576;ziga2
797;2159352204738434;1.206680;-12.181702;-3.524261;ziga2
798;2159352220577058;-2.068588;-12.890381;-3.773254;ziga2
799;2159352236446198;-5.209778;-13.120224;-3.926498;ziga2
800;2159352252315339;-7.086838;-12.622238;-2.643204;ziga2
801;2159352268184479;-7.182602;-11.779480;-0.976837;ziga2
802;2159352284053620;-5.133163;-10.304642;-0.995987;ziga2
803;2159352299831208;-2.489975;-10.668564;1.934509;ziga2
804;2159352315669831;0.861908;-13.254303;6.895294;ziga2
805;2159352331508454;4.098877;-17.602173;5.267242;ziga2
806;2159352347377595;4.462799;-19.651611;1.398209;ziga2
807;2159352363216218;3.313568;-16.127350;-2.547424;ziga2
808;2159352379085358;2.719818;-14.460983;-3.390182;ziga2
809;2159352394862946;4.539413;-13.522446;-2.777267;ziga2
810;2159352410701569;4.232956;-13.235153;0.172379;ziga2
811;2159352426540192;3.658340;-12.162552;1.570602;ziga2
812;2159352442409333;0.555450;-10.668564;6.780380;ziga2
813;2159352458247956;-2.987961;-8.389282;-1.168365;ziga2
814;2159352474117097;-2.968811;-6.608002;-1.206680;ziga2
815;2159352489894684;-0.593765;-6.339844;0.134079;ziga2
816;2159352505733308;0.057465;-6.339844;2.011124;ziga2
817;2159352521571931;1.666367;-5.248093;1.723831;ziga2
818;2159352537441071;3.064575;-3.907333;1.647217;ziga2
819;2159352553279694;3.390182;-2.930496;1.666367;ziga2
820;2159352569148835;3.313568;-2.451660;1.953674;ziga2
821;2159352584926423;2.624039;-2.355896;1.800446;ziga2
822;2159352600704011;1.628052;-2.738968;1.130066;ziga2
823;2159352616542634;1.570602;-3.007111;0.517151;ziga2
824;2159352632411774;1.742981;-3.447647;-0.172379;ziga2
825;2159352648280915;2.221817;-4.520248;-1.589752;ziga2
826;2159352664150056;2.681503;-6.339844;-3.543411;ziga2
827;2159352680019196;1.053452;-10.438721;-8.791504;ziga2
828;2159352695796784;-4.922485;-16.567871;-15.878342;ziga2
829;2159352711635407;-13.790604;-23.099258;-18.751389;ziga2
830;2159352727474030;-15.418655;-24.171860;-16.242264;ziga2
831;2159352743343171;-7.987061;-17.544708;-7.872131;ziga2
832;2159352759181794;-1.781281;-9.672577;-5.439621;ziga2
833;2159352775050934;0.172379;-4.635178;-5.535400;ziga2
834;2159352790828522;-0.708679;-2.049438;-4.079727;ziga2
835;2159352806606110;-0.210693;-1.877060;-2.126053;ziga2
836;2159352822444733;2.643204;-5.248093;1.091751;ziga2
837;2159352838313874;5.171478;-11.568787;3.677490;ziga2
838;2159352854152497;4.654327;-18.004395;-3.524261;ziga2
839;2159352870021638;-4.213791;-23.807938;-15.112198;ziga2
840;2159352885890778;4.156342;-12.890381;-8.236053;ziga2
841;2159352901668366;9.519348;0.248993;11.990158;ziga2
842;2159352917506989;6.244080;1.436523;9.308655;ziga2
843;2159352933345612;-2.164352;-2.853882;5.516235;ziga2
844;2159352949214753;-7.450760;-12.105087;5.822693;ziga2
845;2159352965053376;-5.707779;-17.008408;0.995987;ziga2
846;2159352980922517;-2.413361;-14.920670;-4.711792;ziga2
847;2159352996700104;-0.708679;-11.089935;-2.624039;ziga2
848;2159353012538727;1.244980;-9.346970;1.015137;ziga2
849;2159353028377351;2.068588;-8.772354;2.509125;ziga2
850;2159353044246491;3.964798;-7.220917;-1.091751;ziga2
851;2159353060085114;3.792419;-6.454773;0.095764;ziga2
852;2159353075954255;0.612915;-8.446747;0.976837;ziga2
853;2159353091731843;-2.279282;-10.170563;-0.517151;ziga2
854;2159353107570466;-4.845871;-10.534485;0.248993;ziga2
855;2159353123409089;-3.907333;-10.036499;-0.019150;ziga2
856;2159353139278229;-2.336746;-9.615112;-0.785294;ziga2
857;2159353155116852;-0.727844;-9.366119;-0.861908;ziga2
858;2159353170985993;0.766144;-8.791504;-0.229843;ziga2
859;2159353186763581;1.762131;-8.772354;0.900223;ziga2
860;2159353202541169;2.106903;-8.983047;0.976837;ziga2
861;2159353218379792;2.547424;-9.519348;-0.172379;ziga2
862;2159353234248933;2.585739;-9.940720;-0.306458;ziga2
863;2159353250118073;0.306458;-10.304642;-0.325607;ziga2
864;2159353265987214;0.019150;-10.572800;-0.957687;ziga2
865;2159353281856354;-0.440536;-11.779480;-1.340759;ziga2
866;2159353297633942;-1.838745;-12.679688;-2.030289;ziga2
867;2159353313472565;-3.562576;-12.545624;-1.685516;ziga2
868;2159353329311188;-5.037399;-12.181702;-0.287308;ziga2
869;2159353345180329;-5.535400;-12.488159;0.000000;ziga2
870;2159353361018952;-4.137177;-12.660538;-1.513138;ziga2
871;2159353376888093;-1.781281;-12.200851;-2.164352;ziga2
872;2159353392665681;-1.015137;-11.856094;-2.566589;ziga2
873;2159353408443268;-3.505112;-12.315781;-3.083725;ziga2
874;2159353424281892;-5.918472;-13.043610;-2.049438;ziga2
875;2159353440151032;-7.010223;-13.541611;-0.574615;ziga2
876;2159353456020173;-6.301544;-12.507309;-0.574615;ziga2
877;2159353471889313;-3.505112;-10.840942;-2.528275;ziga2
878;2159353487758454;-0.670380;-10.745178;0.919373;ziga2
